{"nm":"Loading_1","ddd":0,"h":540,"w":540,"meta":{"g":"@lottiefiles/toolkit-js 0.25.4"},"layers":[{"ty":4,"nm":"8 contornos 2","sr":1,"st":0,"op":300,"ip":0,"hd":false,"ddd":0,"bm":0,"hasMask":false,"ao":0,"ks":{"a":{"a":0,"k":[0.211,-62.721,0],"ix":1},"s":{"a":0,"k":[100,100,100],"ix":6},"sk":{"a":0,"k":0},"p":{"a":1,"k":[{"o":{"x":0.028,"y":0},"i":{"x":0,"y":1},"s":[270,242.654,0],"t":0,"ti":[0,0,0],"to":[0,-13.583,0]},{"o":{"x":0.996,"y":0},"i":{"x":0.965,"y":1},"s":[270,161.154,0],"t":34,"ti":[0,-13.583,0],"to":[0,0,0]},{"s":[270,242.654,0],"t":65}],"ix":2},"r":{"a":1,"k":[{"o":{"x":0.156,"y":0},"i":{"x":0.17,"y":1},"s":[0],"t":0},{"s":[360],"t":65}],"ix":10},"sa":{"a":0,"k":0},"o":{"a":0,"k":100,"ix":11}},"ef":[],"shapes":[{"ty":"gr","bm":0,"hd":false,"mn":"ADBE Vector Group","nm":"8","ix":1,"cix":2,"np":4,"it":[{"ty":"sh","bm":0,"hd":false,"mn":"ADBE Vector Shape - Group","nm":"8","ix":1,"d":1,"ks":{"a":0,"k":{"c":true,"i":[[0,9.305],[-12.81,0],[0,-9.547],[13.173,0]],"o":[[0,-9.426],[12.689,0],[0,9.185],[-13.173,0]],"v":[[-20.757,-62.721],[0.15,-77.948],[21.178,-62.6],[0.15,-47.494]]},"ix":2}},{"ty":"mm","bm":0,"hd":false,"mn":"ADBE Vector Filter - Merge","nm":"Combinar trazados 1","mm":1},{"ty":"fl","bm":0,"hd":false,"mn":"ADBE Vector Graphic - Fill","nm":"Relleno 1","c":{"a":0,"k":[1,1,1],"ix":4},"r":1,"o":{"a":0,"k":100,"ix":5}},{"ty":"tr","a":{"a":0,"k":[0,0],"ix":1},"s":{"a":0,"k":[100,100],"ix":3},"sk":{"a":0,"k":0,"ix":4},"p":{"a":0,"k":[0,0],"ix":2},"r":{"a":0,"k":0,"ix":6},"sa":{"a":0,"k":0,"ix":5},"o":{"a":0,"k":100,"ix":7}}]}],"ind":1},{"ty":4,"nm":"8 contornos","sr":1,"st":0,"op":300,"ip":0,"hd":false,"ddd":0,"bm":0,"hasMask":false,"ao":0,"ks":{"a":{"a":0,"k":[0.211,-23.626,0],"ix":1},"s":{"a":0,"k":[100,100,100],"ix":6},"sk":{"a":0,"k":0},"p":{"a":0,"k":[270,270.374,0],"ix":2},"r":{"a":0,"k":0,"ix":10},"sa":{"a":0,"k":0},"o":{"a":0,"k":100,"ix":11}},"ef":[],"shapes":[{"ty":"gr","bm":0,"hd":false,"mn":"ADBE Vector Group","nm":"8","ix":1,"cix":2,"np":4,"it":[{"ty":"sh","bm":0,"hd":false,"mn":"ADBE Vector Shape - Group","nm":"8","ix":1,"d":1,"ks":{"a":1,"k":[{"o":{"x":0.167,"y":0.167},"i":{"x":0.833,"y":0.833},"s":[{"c":true,"i":[[14.985,0],[0,10.514],[-14.985,0],[0,-10.393]],"o":[[-14.985,0],[0,-10.393],[14.985,0],[0,10.514]],"v":[[0.15,-6.647],[-23.657,-23.687],[0.09,-37.73],[24.079,-23.687]]}],"t":0},{"o":{"x":0.167,"y":0.167},"i":{"x":0.833,"y":0.833},"s":[{"c":true,"i":[[14.985,0],[0,10.514],[-14.985,0],[0,-10.393]],"o":[[-14.985,0],[0,-10.393],[14.985,0],[0,10.514]],"v":[[0.15,-6.647],[-23.657,-23.687],[0.15,-40.605],[24.079,-23.687]]}],"t":5},{"o":{"x":0.167,"y":0.167},"i":{"x":0.833,"y":0.833},"s":[{"c":true,"i":[[14.985,0],[0,10.514],[-14.985,0],[0,-10.393]],"o":[[-14.985,0],[0,-10.393],[14.985,0],[0,10.514]],"v":[[0.15,-6.647],[-23.657,-23.687],[0.15,-40.605],[24.079,-23.687]]}],"t":64},{"s":[{"c":true,"i":[[14.985,0],[0,10.514],[-14.985,0],[0,-10.393]],"o":[[-14.985,0],[0,-10.393],[14.985,0],[0,10.514]],"v":[[0.15,-6.647],[-23.657,-23.687],[0.09,-37.73],[24.079,-23.687]]}],"t":65}],"ix":2}},{"ty":"mm","bm":0,"hd":false,"mn":"ADBE Vector Filter - Merge","nm":"Combinar trazados 1","mm":1},{"ty":"fl","bm":0,"hd":false,"mn":"ADBE Vector Graphic - Fill","nm":"Relleno 1","c":{"a":0,"k":[0.1294,0.4784,1],"ix":4},"r":1,"o":{"a":0,"k":100,"ix":5}},{"ty":"tr","a":{"a":0,"k":[0,0],"ix":1},"s":{"a":0,"k":[100,100],"ix":3},"sk":{"a":0,"k":0,"ix":4},"p":{"a":0,"k":[0,0],"ix":2},"r":{"a":0,"k":0,"ix":6},"sa":{"a":0,"k":0,"ix":5},"o":{"a":0,"k":100,"ix":7}}]}],"ind":2},{"ty":4,"nm":"Capa de formas 1","sr":1,"st":0,"op":300,"ip":0,"hd":false,"ddd":0,"bm":0,"hasMask":false,"ao":0,"ks":{"a":{"a":0,"k":[-0.375,17.125,0],"ix":1},"s":{"a":0,"k":[64.557,64.557,100],"ix":6},"sk":{"a":0,"k":0},"p":{"a":0,"k":[270,287.125,0],"ix":2},"r":{"a":0,"k":0,"ix":10},"sa":{"a":0,"k":0},"o":{"a":0,"k":100,"ix":11}},"ef":[],"shapes":[{"ty":"gr","bm":0,"hd":false,"mn":"ADBE Vector Group","nm":"Elipse 1","ix":1,"cix":2,"np":3,"it":[{"ty":"sh","bm":0,"hd":false,"mn":"ADBE Vector Shape - Group","nm":"Trazado 1","ix":1,"d":1,"ks":{"a":0,"k":{"c":true,"i":[[22.298,0],[0,-5.454],[-22.298,0],[0,5.454]],"o":[[-22.298,0],[0,5.454],[22.298,0],[0,-5.454]],"v":[[0,-9.875],[-40.375,0],[0,9.875],[40.375,0]]},"ix":2}},{"ty":"st","bm":0,"hd":false,"mn":"ADBE Vector Graphic - Stroke","nm":"Trazo 1","lc":1,"lj":1,"ml":4,"o":{"a":0,"k":100,"ix":4},"w":{"a":0,"k":0,"ix":5},"c":{"a":0,"k":[1,0.6,0],"ix":3}},{"ty":"fl","bm":0,"hd":false,"mn":"ADBE Vector Graphic - Fill","nm":"Relleno 1","c":{"a":0,"k":[0.8588,0.8588,0.8588],"ix":4},"r":1,"o":{"a":0,"k":100,"ix":5}},{"ty":"tr","a":{"a":0,"k":[0,0],"ix":1},"s":{"a":0,"k":[100,100],"ix":3},"sk":{"a":0,"k":0,"ix":4},"p":{"a":0,"k":[-0.375,17.125],"ix":2},"r":{"a":0,"k":0,"ix":6},"sa":{"a":0,"k":0,"ix":5},"o":{"a":0,"k":100,"ix":7}}]}],"ind":3}],"v":"5.8.1","fr":30,"op":66,"ip":0,"assets":[]}